participant_id	group
sub-CLN301	CLN3
sub-CLN302	CLN3
sub-CLN303	CLN3
sub-CLN304	CLN3
sub-CLN305	CLN3
sub-CLN306	CLN3
sub-CLN307	CLN3
sub-CLN308	CLN3
sub-CLN309	CLN3
sub-CLN310	CLN3
sub-CLN311	CLN3
sub-CLN312	CLN3
sub-CLN313	CLN3
sub-CLN314	CLN3
sub-CLN315	CLN3
sub-CLN316	CLN3
sub-CLN317	CLN3
sub-CLN318	CLN3
sub-CLN319	CLN3
sub-CLN320	CLN3
sub-CLN321	CLN3
sub-CLN322	CLN3
sub-CLN323	CLN3
sub-CLN324	CLN3
sub-CLN325	CLN3
sub-CLN326	CLN3
sub-CLN327	CLN3
sub-CLN328	CLN3
sub-CLN329	CLN3
sub-CLN330	CLN3
sub-CLN331	CLN3
sub-CLN332	CLN3
sub-HV01	HV
sub-HV02	HV
sub-HV03	HV
sub-HV04	HV
sub-HV05	HV
sub-HV06	HV
sub-HV07	HV
sub-HV09	HV
sub-HV10	HV
sub-HV11	HV
sub-HV12	HV
sub-HV13	HV
sub-HV14	HV
sub-HV15	HV
sub-HV17	HV
sub-HV18	HV
sub-HV19	HV
sub-HV20	HV
sub-HV21	HV
sub-HV22	HV
sub-HV23	HV
sub-HV24	HV
sub-HV26	HV
sub-HV27	HV
sub-HV28	HV
sub-HV29	HV
sub-HV30	HV
sub-HV31	HV
sub-HV32	HV
sub-HV33	HV
sub-HV34	HV
sub-HV35	HV
sub-HV36	HV
sub-HV37	HV
sub-HV38	HV
sub-HV39	HV
sub-HV40	HV
sub-HV41	HV
sub-HV42	HV
sub-HV43	HV
sub-HV44	HV
sub-HV45	HV
sub-HV46	HV
sub-HV47	HV
sub-HV48	HV
sub-HV49	HV
sub-HV50	HV
sub-HV51	HV
sub-HV52	HV
sub-HV53	HV
sub-HV54	HV
sub-HV55	HV
sub-HV56	HV
sub-HV57	HV
sub-HV58	HV
sub-HV59	HV
sub-HV60	HV
sub-HV61	HV
sub-HV62	HV
sub-HV63	HV
sub-HV64	HV
sub-HV65	HV
sub-HV66	HV
