name	type	units	description
Fp1	EEG	uV	Preprocessed scalp EEG channel
Fp2	EEG	uV	Preprocessed scalp EEG channel
F3	EEG	uV	Preprocessed scalp EEG channel
F4	EEG	uV	Preprocessed scalp EEG channel
C3	EEG	uV	Preprocessed scalp EEG channel
C4	EEG	uV	Preprocessed scalp EEG channel
P3	EEG	uV	Preprocessed scalp EEG channel
P4	EEG	uV	Preprocessed scalp EEG channel
O2	EEG	uV	Preprocessed scalp EEG channel
F7	EEG	uV	Preprocessed scalp EEG channel
F8	EEG	uV	Preprocessed scalp EEG channel
T7	EEG	uV	Preprocessed scalp EEG channel
T8	EEG	uV	Preprocessed scalp EEG channel
P7	EEG	uV	Preprocessed scalp EEG channel
P8	EEG	uV	Preprocessed scalp EEG channel
Fz	EEG	uV	Preprocessed scalp EEG channel
Cz	EEG	uV	Preprocessed scalp EEG channel
Pz	EEG	uV	Preprocessed scalp EEG channel
O1	EEG	uV	Preprocessed scalp EEG channel
